{"state_names": ["u", "v", "p", "r", "phi"], "scores_per_horizon": {"1": {"rmse": [1.5222336648186923, 0.36245003858895447, 0.006392050808802028, 0.004072337378624011, 0.002268550054036308], "trajectory_rmse": [0.0], "mse": [2.3171953303073467, 0.13137003047313459, 4.0858313542306655e-05, 1.6583931725338284e-05, 5.1463193476681355e-06], "mae": [1.4848137478046182, 0.3158235569747627, 0.006012727405719948, 0.003769689292404849, 0.0016700941811209995], "nrmse": [2.374312071001835, 0.9277668037596836, 0.10799581542365336, 0.13738636544850563, 0.05928100378078727]}, "2": {"rmse": [1.7030806851241729, 0.26570382723300795, 0.005104328980716653, 0.0031133030658698517, 0.0050236802088508515], "trajectory_rmse": [0.4571598720383109], "mse": [2.9004838200430223, 0.07059852380626813, 2.605417434338391e-05, 9.692655979954619e-06, 2.5237362840799733e-05], "mae": [1.655311687804373, 0.20150285119740105, 0.004662570680408669, 0.0025776295995711355, 0.004036487080043556], "nrmse": [2.6544011910974654, 0.6976365977434413, 0.08651962208248766, 0.09663652300679892, 0.09044221396697263]}}}