{"state_names": ["u", "v", "p", "r", "phi"], "scores_per_horizon": {"1": {"rmse": [1.7719673299333911, 0.25844108650459663, 0.00323703300143805, 0.002297293711271379, 0.005337612744452144], "trajectory_rmse": [0.0], "mse": [3.139868218351271, 0.0667917951936764, 1.0478382652399032e-05, 5.277558395847028e-06, 2.8490109809737956e-05], "mae": [1.6842955243734323, 0.24590326257162806, 0.0019228367126410092, 0.0020052285262854245, 0.005144940713249769], "nrmse": [2.763835486047305, 0.6615341019689341, 0.05469074464523793, 0.07750262417254002, 0.1394807404497241]}, "2": {"rmse": [1.649374670640661, 0.2077981093111963, 0.0037825735322981127, 0.004412193975448509, 0.005555324953155077], "trajectory_rmse": [0.37597955994141313], "mse": [2.7204368041509883, 0.04318005423330788, 1.4307862527242221e-05, 1.9467455676984124e-05, 3.0861635335147456e-05], "mae": [1.5909322212247334, 0.18653577625741094, 0.003012949937486467, 0.0037897572934709606, 0.005156387906198789], "nrmse": [2.570695639117855, 0.5455983359632, 0.06411554461909007, 0.13695392822277644, 0.10001350945550018]}}}