{"state_names": ["u", "v", "p", "r", "phi"], "scores_per_horizon": {"1": {"rmse": [1.786278861406153, 0.1586358641458888, 0.003128717325695118, 0.001030531967798508, 0.00494475094730827], "trajectory_rmse": [0.0], "mse": [3.1907921707064624, 0.025165337393312885, 9.788872104104812e-06, 1.0619961366546647e-06, 2.4450561930906037e-05], "mae": [1.7420861711457363, 0.1410320328248826, 0.0029469133661584484, 0.0009129817034125986, 0.004724436337654338], "nrmse": [2.7861579735310835, 0.4060617270541844, 0.05286071543005804, 0.034766530464175785, 0.12921460519721972]}, "2": {"rmse": [1.8758896240147085, 0.1446420806579517, 0.0036868075865857165, 0.0010647976199184579, 0.0050927110193864575], "trajectory_rmse": [0.4818967404788203], "mse": [3.5189618814860446, 0.020921331497061407, 1.3592550180505995e-05, 1.1337939713840124e-06, 2.593570552698025e-05], "mae": [1.8326012476933067, 0.13429058269317, 0.003006245553378468, 0.0008901219194043743, 0.0049365820488332934], "nrmse": [2.9237391368741696, 0.3797747668581955, 0.06249228846481194, 0.03305117989407342, 0.09168498800457464]}}}