{"output_mean": [1.969480776760164, -0.0002833943863465062, 6.155589132362324e-05, -0.0014608823314253502, 0.0015102582596653526], "output_std": [0.12418170599818383, 0.10125532386695148, 0.0016600684757203572, 0.0013575265310753583, 0.0011199996885717972], "control_mean": [460.352514150398, 0.044631431755989985, -0.0442310375005505, 2.2785572659747535], "control_std": [59.681163960515384, 0.011265743685417396, 0.011096106708738618, 0.15399417490927528]}