{"state_names": ["u", "v", "p", "r", "phi"], "scores_per_horizon": {"1": {"rmse": [1.6688446354489948, 0.2707899523892788, 0.0032988435887838044, 0.001240434693417383, 0.002790963479467199], "trajectory_rmse": [0.0], "mse": [2.785042417266888, 0.07332719831498785, 1.088236902326001e-05, 1.538678228633477e-06, 7.789477143719656e-06], "mae": [1.6033943643594362, 0.23515058128137928, 0.0029801323829922034, 0.0009925166995138172, 0.0019969900901324524], "nrmse": [2.602989313762908, 0.6931436111760264, 0.05573505498974077, 0.04184791147201755, 0.07293253956815104]}, "2": {"rmse": [1.9039879655652518, 0.24331135422716432, 0.006027136634134599, 0.001466656651594621, 0.005908680702216409], "trajectory_rmse": [0.5225350458037188], "mse": [3.6251701730173065, 0.059200415095856634, 3.632637600652734e-05, 2.1510817336667455e-06, 3.491250764074459e-05], "mae": [1.8414615304016708, 0.2191987211932224, 0.00500500154660756, 0.0011927994583320785, 0.004414048069819475], "nrmse": [2.967532876026456, 0.6388425305087263, 0.10216143704585981, 0.045524832069408064, 0.1063750362514853]}}}