{"state_names": ["u", "v", "p", "r", "phi"], "scores_per_horizon": {"1": {"rmse": [1.977758133273253, 0.5221526973014907, 0.003047267055276933, 0.0061099686087457365, 0.0070682616850696834], "trajectory_rmse": [0.0], "mse": [3.9115272337285028, 0.27264343929922225, 9.28583650617615e-06, 3.733171639985831e-05, 4.996032324862412e-05], "mae": [1.906872839577696, 0.48504754934723904, 0.002067569924814413, 0.005470373081284117, 0.0067674255111425784], "nrmse": [3.084818788258793, 1.3365592149909753, 0.05148458613550108, 0.20612888916479466, 0.184705489275267]}, "2": {"rmse": [2.018056865709481, 0.4876710430654467, 0.003617830940320464, 0.0045097910354263545, 0.006528737769718892], "trajectory_rmse": [0.5121548931356752], "mse": [4.072553513237175, 0.23782304624454073, 1.3088700712740055e-05, 2.033821518321191e-05, 4.2624416865754004e-05], "mae": [1.9569229372048726, 0.43325204289166974, 0.003016676955141761, 0.003494521718057387, 0.006246375930738072], "nrmse": [3.1453192998023467, 1.2804375866359703, 0.061323117474867406, 0.1399833282947896, 0.1175380346190946]}}}