{"state_names": ["u", "v", "p", "r", "phi"], "scores_per_horizon": {"1": {"rmse": [1.495687313733985, 0.16805783949299538, 0.0028249642381346063, 0.0022100617574525847, 0.0023011609347928052], "trajectory_rmse": [0.0], "mse": [2.2370805404647838, 0.028243437415053398, 7.980422946739436e-06, 4.884372971754407e-06, 5.295341647816497e-06], "mae": [1.430468304238365, 0.11809077361079133, 0.0017441050357606014, 0.0020198503873025547, 0.0016138247612926726], "nrmse": [2.3329062584264175, 0.43017924677336705, 0.04772870641451989, 0.07455972431629443, 0.060133180589485434]}, "2": {"rmse": [1.7368437818254885, 0.23627370730583344, 0.0032987802141503804, 0.002054753360563901, 0.003949242404558888], "trajectory_rmse": [0.48427036114773636], "mse": [3.016626322465865, 0.055825264764042655, 1.0881950901270029e-05, 4.222011372748645e-06, 1.5596515569966065e-05], "mae": [1.673630938160236, 0.19467293213318526, 0.002544890293957155, 0.0017256409094257557, 0.0032072589155998843], "nrmse": [2.707023949890938, 0.6203643621456816, 0.0559151297927131, 0.06377927757121593, 0.07109891786727796]}}}