{"state_names": ["u", "v", "p", "r", "phi"], "scores_per_horizon": {"1": {"rmse": [0.7891445019772148, 0.24877254010935618, 0.006441821259955728, 0.004154518150116772, 0.0034886973242526905], "trajectory_rmse": [0.0], "mse": [0.6227490450008664, 0.06188777671246123, 4.149706114521761e-05, 1.7260021059649685e-05, 1.2171009020247881e-05], "mae": [0.7108461972048432, 0.18335361462439728, 0.005099382404928299, 0.0038650040350370666, 0.003137227963181978], "nrmse": [1.2308723424747008, 0.6367854319976577, 0.10883670367957045, 0.14015885614743673, 0.09116549088307492]}, "2": {"rmse": [0.9565734500601001, 0.29347600762931114, 0.00620991169813666, 0.004242943252666901, 0.0034082222684849615], "trajectory_rmse": [0.27737337616772173], "mse": [0.9150327653598828, 0.0861281670540395, 3.856300329865454e-05, 1.8002567445351586e-05, 1.1615979031396777e-05], "mae": [0.8865935257909948, 0.23987617628254143, 0.00486797184286443, 0.004088799254528374, 0.003035198007680445], "nrmse": [1.4909039409525167, 0.7705557184251444, 0.10525951899224342, 0.13170040775915512, 0.06135883552265923]}}}