{"state_names": ["u", "v", "p", "r", "phi"], "scores_per_horizon": {"1": {"rmse": [1.7622064765594716, 0.19291961355289947, 0.0036937290000613405, 0.0036233259768170155, 0.005964141766693564], "trajectory_rmse": [0.0], "mse": [3.1053716660281476, 0.03721797729340007, 1.3643633925894149e-05, 1.3128491134276979e-05, 3.557098701321862e-05], "mae": [1.6935183565838259, 0.1390855086881439, 0.0034114279058251058, 0.0033973670220416377, 0.00585076975587786], "nrmse": [2.7486109429797096, 0.49381816579555843, 0.06240677479695781, 0.1222382972007699, 0.1558529907644937]}, "2": {"rmse": [2.0607690656063298, 0.2928039741908021, 0.004308044174536764, 0.0027943531632573983, 0.007522254365896084], "trajectory_rmse": [0.5778678021793521], "mse": [4.2467691417599855, 0.08573416730192791, 1.8559244609760147e-05, 7.808409601006628e-06, 5.65843107452427e-05], "mae": [1.9879890671643048, 0.24672289878960862, 0.0034866774232157794, 0.0023808823647108943, 0.00688071272028413], "nrmse": [3.2118900238266885, 0.7687912157211614, 0.0730224002613663, 0.08673635943463703, 0.13542449172535817]}}}