{"state_names": ["u", "v", "p", "r", "phi"], "scores_per_horizon": {"1": {"rmse": [1.3677812238833522, 0.40667631030647655, 0.005565878187511114, 0.005879732099910557, 0.0029426617028208667], "trajectory_rmse": [0.0], "mse": [1.8708254764078407, 0.1653856213644896, 3.0978999998212004e-05, 3.457124956671861e-05, 8.659257897248604e-06], "mae": [1.301306004083951, 0.36971668067581887, 0.004879456516016285, 0.005759119578941668, 0.0026660050184446923], "nrmse": [2.133404053143647, 1.040973211222936, 0.09403735536351951, 0.19836151770179816, 0.07689666764025024]}, "2": {"rmse": [1.4199364071298672, 0.33080959035038127, 0.00513649087318593, 0.0043313004097937525, 0.0031895203641952976], "trajectory_rmse": [0.36430401498538434], "mse": [2.016219400292876, 0.10943498506778707, 2.638353849032236e-05, 1.8760163239879527e-05, 1.0173040153616505e-05], "mae": [1.3690824565837905, 0.28905203132940765, 0.004354126882410619, 0.003590991149013823, 0.002552855585585608], "nrmse": [2.2130959051381462, 0.8685794236247703, 0.08706477400988337, 0.1344430024461644, 0.0574215059952141]}}}