{"state_names": ["u", "v", "p", "r", "phi"], "scores_per_horizon": {"1": {"rmse": [1.0115627930569258, 0.18182982266374476, 0.0041745388132729475, 0.005064364653383231, 0.0060471955082897245], "trajectory_rmse": [0.0], "mse": [1.0232592842971289, 0.03306208440992887, 1.742677430352231e-05, 2.564778934243746e-05, 3.656857351547942e-05], "mae": [0.9611146410976102, 0.15497457567794787, 0.0033139874229618075, 0.00459393157690929, 0.005639776383932411], "nrmse": [1.5777904572997703, 0.46543152280429495, 0.07053021583249827, 0.17085388275695768, 0.15802332381965833]}, "2": {"rmse": [1.1868860231631757, 0.20767589668258843, 0.004271325133453939, 0.004743833648639422, 0.005162630886961043], "trajectory_rmse": [0.3354006960553825], "mse": [1.4086984319800986, 0.043129278062917144, 1.8244218395675314e-05, 2.250395768596361e-05, 2.6652757675004173e-05], "mae": [1.1410661553723163, 0.18391530567447573, 0.0037172582021184385, 0.00416144530266478, 0.004325123092576805], "nrmse": [1.8498663634081227, 0.5452774523563992, 0.07240000355266685, 0.14724798062635333, 0.09294376789517791]}}}