{"state_names": ["u", "v", "p", "r", "phi"], "scores_per_horizon": {"1": {"rmse": [1.7308930220234944, 0.1980803785822802, 0.002240648033073679, 0.002294191232510842, 0.005277415993283656], "trajectory_rmse": [0.0], "mse": [2.995990653689625, 0.03923583637929945, 5.020503608116945e-06, 5.263313411329615e-06, 2.785111956616612e-05], "mae": [1.666805274492163, 0.14746453468141407, 0.0017498802904863434, 0.0020128334822748176, 0.005027154714040017], "nrmse": [2.699769615391285, 0.5070282250216612, 0.03785649060798814, 0.0773979574317565, 0.13790769874969153]}, "2": {"rmse": [1.848778978840597, 0.16848199875924594, 0.004095201772567793, 0.0018509297794613152, 0.00541116698647631], "trajectory_rmse": [0.48361886726808234], "mse": [3.417983712602881, 0.028386183905910554, 1.6770677558042394e-05, 3.425941048496713e-06, 2.9280728155531108e-05], "mae": [1.798522856510516, 0.13291484510619975, 0.0028540518066708944, 0.001533566628490345, 0.005114536830623377], "nrmse": [2.8814848094837235, 0.44236927115219726, 0.06941466959763883, 0.05745262007343554, 0.09741820777916455]}}}